{
  "feature_columns": [
    "speed_figure",
    "form_cycle",
    "weight_delta",
    "rest_fitness",
    "class_indicator",
    "jockey_win_rate",
    "trainer_win_rate",
    "gate_bias",
    "surface_affinity",
    "agf_edge",
    "sire_win_rate",
    "sire_surface_rate",
    "surface_switch",
    "distance_delta_m",
    "equipment_changed",
    "apprentice_jockey",
    "field_pace_density",
    "s20_edge",
    "agf_reliability",
    "late_agf_drift",
    "agf_raw",
    "hp_raw",
    "weight_kg_raw",
    "kgs_raw",
    "s20_raw",
    "gate_number",
    "age",
    "distance_meters",
    "field_size",
    "surface_is_kum"
  ],
  "excluded_features": [],
  "objective": "finish_time",
  "params": {
    "objective": "huber",
    "alpha": 0.9,
    "metric": [
      "mae",
      "rmse"
    ],
    "learning_rate": 0.05,
    "num_leaves": 63,
    "min_data_in_leaf": 30,
    "feature_fraction": 0.9,
    "bagging_fraction": 0.85,
    "bagging_freq": 5,
    "verbose": -1
  },
  "train_races": 5320,
  "test_races": 1170,
  "train_rows": 51236,
  "test_rows": 11411,
  "holdout_fraction": 0.2,
  "from_date": null,
  "to_date": null,
  "metrics": {
    "n_races": 1170,
    "mae_seconds": 8.032568267079474,
    "rmse_seconds": 11.891468132596499,
    "top1_accuracy": 21.965811965811966,
    "top3_accuracy": 54.35897435897436,
    "avg_winner_rank": 3.9068376068376067,
    "softmax_temperature": 1.0,
    "objective": "finish_time"
  },
  "feature_importance": {
    "distance_meters": 8422402.644087791,
    "distance_delta_m": 359449.21548223495,
    "surface_is_kum": 299405.01334810257,
    "age": 265862.18051481247,
    "gate_bias": 197890.81210279465,
    "hp_raw": 131565.55486631393,
    "field_size": 83045.01694059372,
    "class_indicator": 40111.03038454056,
    "gate_number": 26880.267526626587,
    "jockey_win_rate": 26103.687053203583,
    "agf_raw": 24637.74157524109,
    "sire_win_rate": 23672.959639549255,
    "speed_figure": 17676.17244243622,
    "sire_surface_rate": 13768.860450267792,
    "agf_edge": 13620.122701644897,
    "weight_delta": 10052.026005744934,
    "surface_affinity": 8517.572261810303,
    "weight_kg_raw": 7401.25281047821,
    "trainer_win_rate": 5362.039219856262,
    "field_pace_density": 3682.1594228744507,
    "surface_switch": 2841.878309249878,
    "form_cycle": 1109.853847503662,
    "equipment_changed": 1075.0501794815063,
    "s20_edge": 1047.758397102356,
    "rest_fitness": 484.3914804458618,
    "s20_raw": 343.6087980270386,
    "kgs_raw": 340.07198333740234,
    "apprentice_jockey": 0.0,
    "agf_reliability": 0.0,
    "late_agf_drift": 0.0
  },
  "num_boost_round": 500,
  "best_iteration": 500,
  "softmax_temperature": 1.0
}