{
  "model_family": "conditional_logit",
  "objective": "rank",
  "feature_columns": [
    "speed_figure",
    "form_cycle",
    "weight_delta",
    "rest_fitness",
    "class_indicator",
    "jockey_win_rate",
    "trainer_win_rate",
    "gate_bias",
    "surface_affinity",
    "agf_edge",
    "sire_win_rate",
    "sire_surface_rate",
    "surface_switch",
    "distance_delta_m",
    "equipment_changed",
    "apprentice_jockey",
    "field_pace_density",
    "s20_edge",
    "agf_reliability",
    "late_agf_drift",
    "late_jockey_change",
    "late_equipment_change",
    "late_gate_change",
    "tipster_consensus",
    "jockey_discipline_flag",
    "days_since_workout",
    "workout_speed_ms",
    "n_workouts_recent",
    "temperature_c",
    "humidity_pct",
    "pressure_mb",
    "sky_bucket",
    "wind_kph",
    "steward_report_flag",
    "agf_raw",
    "hp_raw",
    "weight_kg_raw",
    "kgs_raw",
    "s20_raw",
    "gate_number",
    "age",
    "distance_meters",
    "field_size",
    "surface_is_kum"
  ],
  "train_races": 1092,
  "test_races": 332,
  "metrics": {
    "top1_accuracy": 36.44578313253012,
    "top3_accuracy": 66.56626506024097,
    "n_races": 332,
    "final_nll": 1922.444328871135
  },
  "npz_path": "linear_conditional_logit.npz",
  "standardisation": {
    "mean": [
      14.753771400208514,
      0.4184348256354504,
      -5.216729220498288e-19,
      0.7326192094815411,
      1.6601902853493284e-18,
      0.10384294141145349,
      0.15238454904654417,
      0.05987478490096291,
      0.11821080510898503,
      -0.007614469300333212,
      0.15225732131362407,
      0.152090998874215,
      0.19301848049281314,
      18.764055930380366,
      0.16640781007321945,
      0.0,
      0.344907184764836,
      1.5324353981023103e-19,
      0.3688639725878231,
      0.0,
      0.0,
      0.0,
      0.0,
      1.12,
      0.0,
      0.0,
      0.0,
      0.0,
      15.42608173076923,
      60.21634615384615,
      1003.5979567307693,
      1.4149638478465891,
      15.263440860215054,
      0.32333904435560634,
      10.317087101380295,
      51.49780930523681,
      57.820491936797524,
      28.27567673214111,
      16.192099000475963,
      5.940314136125655,
      4.262231106034647,
      1595.0504473634114,
      10.671616219303255,
      0.9572271386430679
    ],
    "std": [
      1.028052765536268,
      0.275867845939068,
      0.03250595129735778,
      0.2931625744794157,
      0.23287671410253366,
      0.049302239369604456,
      0.05569001396369603,
      0.1922738536694154,
      0.04603415249355819,
      1.0691864740036476,
      0.04003210128866873,
      0.04628060421387683,
      0.3946673874049624,
      362.39444370936855,
      0.37244630595544204,
      1.0,
      0.2467228956928372,
      0.1822654841411862,
      0.059861213691344145,
      1.0,
      1.0,
      1.0,
      1.0,
      0.32496153618543844,
      1.0,
      1.0,
      1.0,
      1.0,
      3.3186995734330482,
      19.882771149225785,
      15.222785321367292,
      0.9558384139132832,
      9.134819967067324,
      0.46775090245857304,
      12.00193853477861,
      23.39903323453361,
      2.2757345194297316,
      43.09782122640167,
      3.222132295093748,
      3.6536587123101767,
      1.3354454514737903,
      307.6198710765966,
      3.2348738034626012,
      0.20234461615835697
    ]
  },
  "race_type_prefix": null,
  "trained_at": "2026-04-28T18:17:21+00:00",
  "git_sha": "7f4857d",
  "coefficients": {
    "tipster_consensus": 0.4396275286360995,
    "agf_edge": 0.3513817193869106,
    "weight_kg_raw": -0.2746608261813355,
    "jockey_win_rate": 0.21126963088069042,
    "agf_raw": 0.16306433075895815,
    "form_cycle": 0.152728336804241,
    "hp_raw": 0.13567628322867115,
    "s20_raw": 0.11961888857194929,
    "weight_delta": -0.11453222594755236,
    "class_indicator": 0.11352356383609212,
    "sire_surface_rate": 0.11000247440071502,
    "gate_number": -0.10088861329438087,
    "s20_edge": -0.07507666404307563,
    "speed_figure": -0.06428397073337859,
    "surface_switch": -0.06039112166698156,
    "trainer_win_rate": 0.05949319109332882,
    "kgs_raw": -0.05220515157829743,
    "gate_bias": 0.03922934329736031,
    "age": 0.028930169449750298,
    "rest_fitness": 0.02506240263391095,
    "distance_delta_m": 0.020807093014882184,
    "surface_affinity": -0.020196807153589666,
    "sire_win_rate": -0.008980497555039919,
    "equipment_changed": 0.0027922758763827826,
    "steward_report_flag": -4.680023075018076e-07,
    "sky_bucket": 3.6831049806756136e-07,
    "pressure_mb": 3.1294885644306196e-07,
    "humidity_pct": 2.206725432791765e-07,
    "temperature_c": -1.8009281250352634e-07,
    "distance_meters": -1.6036410258534695e-07,
    "agf_reliability": 9.823283126087986e-08,
    "surface_is_kum": 6.061271081155867e-08,
    "wind_kph": 4.723978066507324e-08,
    "field_pace_density": -3.5957090295639074e-08,
    "field_size": -2.9154967083912826e-08,
    "apprentice_jockey": 0.0,
    "late_agf_drift": 0.0,
    "late_jockey_change": 0.0,
    "late_equipment_change": 0.0,
    "late_gate_change": 0.0,
    "jockey_discipline_flag": 0.0,
    "days_since_workout": 0.0,
    "workout_speed_ms": 0.0,
    "n_workouts_recent": 0.0
  }
}