{
  "model_family": "plackett_luce",
  "objective": "rank",
  "feature_columns": [
    "speed_figure",
    "form_cycle",
    "weight_delta",
    "rest_fitness",
    "class_indicator",
    "jockey_win_rate",
    "trainer_win_rate",
    "gate_bias",
    "surface_affinity",
    "agf_edge",
    "sire_win_rate",
    "sire_surface_rate",
    "surface_switch",
    "distance_delta_m",
    "equipment_changed",
    "apprentice_jockey",
    "field_pace_density",
    "s20_edge",
    "agf_reliability",
    "late_agf_drift",
    "late_jockey_change",
    "late_equipment_change",
    "late_gate_change",
    "tipster_consensus",
    "jockey_discipline_flag",
    "days_since_workout",
    "workout_speed_ms",
    "n_workouts_recent",
    "temperature_c",
    "humidity_pct",
    "pressure_mb",
    "sky_bucket",
    "wind_kph",
    "steward_report_flag",
    "agf_raw",
    "hp_raw",
    "weight_kg_raw",
    "kgs_raw",
    "s20_raw",
    "gate_number",
    "age",
    "distance_meters",
    "field_size",
    "surface_is_kum"
  ],
  "train_races": 1092,
  "test_races": 332,
  "metrics": {
    "top1_accuracy": 36.74698795180723,
    "top3_accuracy": 65.66265060240963,
    "n_races": 332,
    "final_nll": 5847.381994548858
  },
  "npz_path": "linear_plackett_luce.npz",
  "standardisation": {
    "mean": [
      14.753771400208514,
      0.4184348256354504,
      -5.229610033388407e-19,
      0.7326192094815411,
      1.636807323583845e-18,
      0.10384294141145349,
      0.15111498122461609,
      0.05987478490096291,
      0.11821080510898503,
      -0.007614469300333212,
      0.15225732131362407,
      0.152090998874215,
      0.19301848049281314,
      18.764055930380366,
      0.17192760942760943,
      0.0,
      0.344907184764836,
      1.74380579784056e-19,
      0.3688639725878231,
      0.0,
      0.0,
      0.0,
      0.0,
      1.12,
      0.0,
      0.0,
      0.0,
      0.0,
      15.42608173076923,
      60.21634615384615,
      1003.5979567307693,
      1.4149638478465891,
      15.263440860215054,
      0.32333904435560634,
      10.317087101380295,
      51.49780930523681,
      57.820491936797524,
      28.27567673214111,
      16.192099000475963,
      5.940314136125655,
      3.5654863887302493,
      1595.0504473634114,
      10.671616219303255,
      0.9572271386430679
    ],
    "std": [
      1.028052765536268,
      0.275867845939068,
      0.03250595129735778,
      0.2931625744794157,
      0.23287671410253366,
      0.049302239369604456,
      0.05462395109774161,
      0.1922738536694154,
      0.04603415249355819,
      1.0691864740036476,
      0.04003210128866873,
      0.04628060421387683,
      0.3946673874049624,
      362.39444370936855,
      0.37731751422921894,
      1.0,
      0.2467228956928372,
      0.1822654841411862,
      0.059861213691344145,
      1.0,
      1.0,
      1.0,
      1.0,
      0.32496153618543844,
      1.0,
      1.0,
      1.0,
      1.0,
      3.3186995734330482,
      19.882771149225785,
      15.222785321367292,
      0.9558384139132832,
      9.134819967067324,
      0.46775090245857304,
      12.00193853477861,
      23.39903323453361,
      2.2757345194297316,
      43.09782122640167,
      3.222132295093748,
      3.6536587123101767,
      1.3535298862299723,
      307.6198710765966,
      3.2348738034626012,
      0.20234461615835697
    ]
  },
  "race_type_prefix": null,
  "trained_at": "2026-04-28T18:26:26+00:00",
  "git_sha": "7f4857d",
  "coefficients": {
    "agf_edge": 0.36621186041360576,
    "form_cycle": 0.20438277629518445,
    "jockey_win_rate": 0.18419352674034156,
    "kgs_raw": -0.1599035019451732,
    "class_indicator": 0.15978205727764025,
    "weight_kg_raw": -0.1261005727496223,
    "hp_raw": 0.10621880129976415,
    "sire_surface_rate": 0.08429588377343224,
    "trainer_win_rate": 0.07039341634145403,
    "agf_raw": 0.06744064626251162,
    "s20_edge": -0.05793925553527613,
    "surface_switch": -0.052807877323794016,
    "distance_delta_m": -0.05120798756243256,
    "gate_number": -0.04639181754142185,
    "speed_figure": 0.044718095132150644,
    "sire_win_rate": -0.04308599163645128,
    "surface_affinity": -0.03506257902763908,
    "age": -0.03389000586227139,
    "weight_delta": -0.028008272358346416,
    "equipment_changed": -0.025269309347947938,
    "s20_raw": -0.020242494747390993,
    "tipster_consensus": 0.019721190429136524,
    "gate_bias": -0.015139506518067766,
    "rest_fitness": -0.0007913221359272253,
    "surface_is_kum": 1.343319439076075e-06,
    "steward_report_flag": -9.886132353381277e-07,
    "field_pace_density": -5.598827065667641e-07,
    "pressure_mb": 3.4183054876480766e-07,
    "sky_bucket": -2.51595537633246e-07,
    "distance_meters": 1.9227083181166512e-07,
    "wind_kph": -1.4690884497449536e-07,
    "field_size": -1.133270108267684e-07,
    "temperature_c": -1.0222748854154324e-07,
    "agf_reliability": -9.313114386148705e-08,
    "humidity_pct": -4.071536035376752e-08,
    "apprentice_jockey": 0.0,
    "late_agf_drift": 0.0,
    "late_jockey_change": 0.0,
    "late_equipment_change": 0.0,
    "late_gate_change": 0.0,
    "jockey_discipline_flag": 0.0,
    "days_since_workout": 0.0,
    "workout_speed_ms": 0.0,
    "n_workouts_recent": 0.0
  }
}