{
  "model_family": "conditional_logit",
  "objective": "rank",
  "feature_columns": [
    "speed_figure",
    "form_cycle",
    "weight_delta",
    "rest_fitness",
    "class_indicator",
    "jockey_win_rate",
    "trainer_win_rate",
    "gate_bias",
    "surface_affinity",
    "agf_edge",
    "sire_win_rate",
    "sire_surface_rate",
    "surface_switch",
    "distance_delta_m",
    "equipment_changed",
    "apprentice_jockey",
    "field_pace_density",
    "s20_edge",
    "agf_reliability",
    "late_agf_drift",
    "late_jockey_change",
    "late_equipment_change",
    "late_gate_change",
    "tipster_consensus",
    "jockey_discipline_flag",
    "days_since_workout",
    "workout_speed_ms",
    "n_workouts_recent",
    "steward_report_flag",
    "agf_raw",
    "hp_raw",
    "weight_kg_raw",
    "kgs_raw",
    "s20_raw",
    "gate_number",
    "age",
    "distance_meters",
    "field_size",
    "surface_is_kum"
  ],
  "train_races": 6642,
  "test_races": 1545,
  "metrics": {
    "top1_accuracy": 37.28155339805825,
    "top3_accuracy": 71.52103559870551,
    "n_races": 1545,
    "final_nll": 12318.94958533542
  },
  "npz_path": "linear_conditional_logit.npz",
  "standardisation": {
    "mean": [
      14.87097881158453,
      0.418662902136446,
      -4.6991129921541594e-07,
      0.7484423910233036,
      6.216072832694437e-06,
      0.10817975214246954,
      0.13480643360255998,
      0.06410399950239472,
      0.11167904266230597,
      -0.008999191391428784,
      0.14153215765689625,
      0.13633061233373858,
      0.2646506124721604,
      17.5024359688196,
      0.1905233644859813,
      0.0,
      0.3159316162153545,
      9.973227790302235e-07,
      0.0,
      0.0,
      0.0,
      0.0,
      0.0,
      0.0,
      0.0,
      0.0,
      0.0,
      0.0,
      0.0,
      10.244868445605523,
      51.35341705554855,
      57.84287796475421,
      25.494536910766804,
      16.409544691173725,
      5.906294706723891,
      4.038585308977847,
      1548.1678973960359,
      10.588247182277497,
      0.6796435614637353
    ],
    "std": [
      1.0733045145487519,
      0.26776481555840637,
      0.030020747915331027,
      0.2766223958602743,
      0.22283467504938068,
      0.055205105734480724,
      0.055760998106236775,
      0.1730264738190235,
      0.04086556449215112,
      1.0418950988290299,
      0.04696863521431912,
      0.05053046936294408,
      0.44114698887136333,
      331.55240271866586,
      0.39271390613387147,
      1.0,
      0.25542823215346094,
      0.17260887686503482,
      1.0,
      1.0,
      1.0,
      1.0,
      1.0,
      1.0,
      1.0,
      1.0,
      1.0,
      1.0,
      1.0,
      11.391389170142913,
      22.467171626902523,
      2.145504904051569,
      37.919616417634245,
      3.1634694646463775,
      3.5750628512623113,
      1.4422001979643553,
      322.22064185860086,
      3.037888262771038,
      0.4666135347636469
    ]
  },
  "race_type_prefix": null,
  "trained_at": "2026-05-03T01:18:17+00:00",
  "git_sha": "6fc96e9",
  "coefficients": {
    "agf_edge": 0.4201349411580077,
    "class_indicator": 0.16258193244192265,
    "weight_kg_raw": -0.14223999119411362,
    "form_cycle": 0.11652859840119746,
    "agf_raw": 0.10657323451261962,
    "jockey_win_rate": 0.10067112971732756,
    "s20_raw": -0.09592330814552302,
    "s20_edge": 0.09316277334825619,
    "speed_figure": 0.074299719821498,
    "kgs_raw": -0.06125846732985313,
    "hp_raw": 0.050678543910491265,
    "age": 0.04944311857710783,
    "surface_affinity": 0.03450686933263377,
    "trainer_win_rate": 0.0337652242403982,
    "distance_delta_m": -0.03235830531318344,
    "weight_delta": -0.03045134791927431,
    "sire_surface_rate": 0.02496642508394655,
    "equipment_changed": 0.016537342438765902,
    "rest_fitness": -0.010368393059412999,
    "gate_bias": -0.01020195282435708,
    "sire_win_rate": 0.0076868260133028665,
    "gate_number": -0.007395599314615689,
    "surface_switch": 0.007129850864157693,
    "field_size": -3.7916507545404713e-06,
    "field_pace_density": -7.479464175570323e-07,
    "distance_meters": 7.187060739976944e-07,
    "surface_is_kum": 6.353907958194293e-07,
    "apprentice_jockey": 0.0,
    "agf_reliability": 0.0,
    "late_agf_drift": 0.0,
    "late_jockey_change": 0.0,
    "late_equipment_change": 0.0,
    "late_gate_change": 0.0,
    "tipster_consensus": 0.0,
    "jockey_discipline_flag": 0.0,
    "days_since_workout": 0.0,
    "workout_speed_ms": 0.0,
    "n_workouts_recent": 0.0,
    "steward_report_flag": 0.0
  }
}