{
  "model_family": "plackett_luce",
  "objective": "rank",
  "feature_columns": [
    "speed_figure",
    "form_cycle",
    "weight_delta",
    "rest_fitness",
    "class_indicator",
    "jockey_win_rate",
    "trainer_win_rate",
    "gate_bias",
    "surface_affinity",
    "agf_edge",
    "sire_win_rate",
    "sire_surface_rate",
    "surface_switch",
    "distance_delta_m",
    "equipment_changed",
    "apprentice_jockey",
    "field_pace_density",
    "s20_edge",
    "agf_reliability",
    "late_agf_drift",
    "agf_raw",
    "hp_raw",
    "weight_kg_raw",
    "kgs_raw",
    "s20_raw",
    "gate_number",
    "age",
    "distance_meters",
    "field_size",
    "surface_is_kum"
  ],
  "train_races": 1088,
  "test_races": 307,
  "metrics": {
    "top1_accuracy": 37.785016286644954,
    "top3_accuracy": 67.10097719869707,
    "n_races": 307,
    "final_nll": 5850.039030545187
  },
  "npz_path": "linear_plackett_luce.npz",
  "standardisation": {
    "mean": [
      14.74052816572732,
      0.4185124755631054,
      -2.92596228979258e-19,
      0.7336292940447738,
      1.6484988044665867e-18,
      0.10400849138859948,
      0.15165237695690859,
      0.05934118163205615,
      0.1181610706045787,
      -0.0074296577946768435,
      0.15321625308524064,
      0.15272050264430695,
      0.18712764918449068,
      20.851645668522316,
      0.1647337011597793,
      0.0,
      0.34360895035052336,
      1.4247158585969215e-19,
      0.36552184564831186,
      0.0,
      10.265494296577947,
      51.415041201627204,
      57.819209499024076,
      28.230551488530992,
      16.205798479087452,
      5.970057034220532,
      4.263923208515491,
      1595.3145789773807,
      10.71849458277894,
      0.9593278129566488
    ],
    "std": [
      1.0354091992919785,
      0.2759296033080006,
      0.032410617792641656,
      0.29303054454416466,
      0.23292465109798874,
      0.04919524683254071,
      0.05465767362379681,
      0.19268968543436746,
      0.046249177889690726,
      1.074552453391642,
      0.040992989882239206,
      0.047151498970095726,
      0.3900139639745952,
      360.5589433112102,
      0.37094003405130027,
      1.0,
      0.24693387502874975,
      0.18220739434761746,
      0.057828775683424045,
      1.0,
      12.006262127280866,
      23.41804150414201,
      2.2610173175025436,
      42.78867845747344,
      3.2185808915711656,
      3.656412253437692,
      1.3380404116184856,
      307.67892196482904,
      3.2237149454082252,
      0.19752964396379055
    ]
  },
  "race_type_prefix": null,
  "coefficients": {
    "form_cycle": 0.24577576999667947,
    "agf_edge": 0.23085429235216123,
    "kgs_raw": -0.21896522112642594,
    "class_indicator": 0.17886636143206397,
    "jockey_win_rate": 0.1717645389889007,
    "agf_raw": 0.16736031370877463,
    "sire_win_rate": -0.09072872600554488,
    "sire_surface_rate": 0.07791779828199773,
    "hp_raw": 0.07227079753382852,
    "weight_kg_raw": -0.07173310364363486,
    "surface_switch": -0.06259075735436537,
    "trainer_win_rate": 0.060927033304993515,
    "equipment_changed": -0.05328783955179112,
    "surface_affinity": -0.05235999459926806,
    "weight_delta": -0.048787803948386846,
    "gate_bias": 0.04281658007924279,
    "gate_number": 0.039895572337561316,
    "distance_delta_m": -0.038402389303392175,
    "age": -0.038010542376815004,
    "speed_figure": 0.03493886163970251,
    "s20_edge": -0.027977713444636596,
    "rest_fitness": -0.015445537388459935,
    "s20_raw": -0.014895396595591531,
    "field_size": -6.168943846680131e-07,
    "field_pace_density": 4.2710371509706324e-07,
    "surface_is_kum": 3.933008821397004e-07,
    "distance_meters": 3.562081536418437e-07,
    "agf_reliability": 1.426270509622539e-07,
    "apprentice_jockey": 0.0,
    "late_agf_drift": 0.0
  }
}