{
  "model_family": "conditional_logit",
  "objective": "rank",
  "feature_columns": [
    "speed_figure",
    "form_cycle",
    "weight_delta",
    "rest_fitness",
    "class_indicator",
    "jockey_win_rate",
    "trainer_win_rate",
    "gate_bias",
    "surface_affinity",
    "agf_edge",
    "sire_win_rate",
    "sire_surface_rate",
    "surface_switch",
    "distance_delta_m",
    "equipment_changed",
    "apprentice_jockey",
    "field_pace_density",
    "s20_edge",
    "agf_reliability",
    "late_agf_drift",
    "agf_raw",
    "hp_raw",
    "weight_kg_raw",
    "kgs_raw",
    "s20_raw",
    "gate_number",
    "age",
    "distance_meters",
    "field_size",
    "surface_is_kum"
  ],
  "train_races": 5320,
  "test_races": 1170,
  "metrics": {
    "top1_accuracy": 35.72649572649573,
    "top3_accuracy": 70.34188034188034,
    "n_races": 1170,
    "final_nll": 9931.133250114719
  },
  "npz_path": "linear_conditional_logit.npz",
  "standardisation": {
    "mean": [
      14.738788822909733,
      0.4167936018904785,
      -5.825285777207764e-07,
      0.7422485940522826,
      7.901978421265338e-06,
      0.10614195816242514,
      0.1712761232431576,
      0.06617045657636064,
      0.11531821497979045,
      -0.009253792537925415,
      0.1895659842982337,
      0.17247305655106926,
      0.28213569372983344,
      19.04595796633819,
      0.16289917473986365,
      0.0,
      0.31106639839034206,
      2.7226478066164977e-18,
      0.0,
      0.0,
      10.29758488061071,
      51.14211248285322,
      57.83454803284636,
      25.11892112791173,
      16.1791104050834,
      5.880239754778501,
      4.33689202904208,
      1538.6349441798736,
      10.527519712702006,
      0.6325724806459484
    ],
    "std": [
      1.013009794496569,
      0.27883262576319745,
      0.030152455864328572,
      0.2787113427169462,
      0.22667581696934683,
      0.04866440491324448,
      0.06886102864863972,
      0.17025119501848043,
      0.04049361163540098,
      1.0416315079167064,
      0.07469582336209359,
      0.07300291018955361,
      0.45003904725414556,
      323.3460389751461,
      0.36927365680337265,
      1.0,
      0.24215046331568668,
      0.18438814055731934,
      1.0,
      1.0,
      11.394334037018869,
      22.62570060899119,
      2.1667259399172347,
      33.431216822839886,
      3.252555737780049,
      3.5575758734442346,
      1.4294635788187633,
      324.29990678637154,
      3.0203986702416423,
      0.4821042806026302
    ]
  },
  "race_type_prefix": null,
  "coefficients": {
    "agf_edge": 0.4539736416756866,
    "speed_figure": -0.23680101226173553,
    "s20_raw": 0.222690008646776,
    "form_cycle": 0.21910532370925673,
    "class_indicator": 0.18565064332698317,
    "weight_kg_raw": -0.16728108657228802,
    "kgs_raw": 0.1394135383834501,
    "s20_edge": -0.13338022421271054,
    "agf_raw": 0.102036710420491,
    "jockey_win_rate": 0.08968621447552717,
    "trainer_win_rate": 0.08051297914267995,
    "weight_delta": -0.057947411569755,
    "sire_surface_rate": 0.04888998218771428,
    "gate_number": -0.045240968386407544,
    "age": 0.04353880358283714,
    "rest_fitness": 0.0431979628980697,
    "surface_affinity": 0.029167228685470916,
    "equipment_changed": -0.028423506637754902,
    "distance_delta_m": -0.02430333228053953,
    "gate_bias": -0.0178019155269863,
    "sire_win_rate": -0.01740555669573285,
    "surface_switch": -0.01618336735466441,
    "hp_raw": 0.006678812007253747,
    "surface_is_kum": -1.303098972646615e-06,
    "field_size": -8.295142223328711e-07,
    "field_pace_density": -2.0830870684658022e-07,
    "distance_meters": -1.702564194976958e-07,
    "apprentice_jockey": 0.0,
    "agf_reliability": 0.0,
    "late_agf_drift": 0.0
  }
}